wavelength,flux
1940,5.593486422e-14
1944,1.721027021e-13
1948,5.423489349e-13
1952,4.640434087e-13
1956,2.590697839e-13
1960,6.195067246e-13
1964,9.065835647e-13
1968,5.874186771e-13
1972,1.296339745e-13
1976,4.199142661e-13
1980,3.874317317e-13
1984,1.20643621e-13
1988,7.34620535e-13
1992,1.468964788e-13
1996,6.202893017e-13
2000,-1.743585745e-13
2004,-8.806177359e-14
2008,-6.012521752e-14
2012,2.193067234e-13
2016,3.816543707e-13
2020,1.472057881e-13
2024,3.822342223e-14
2028,-1.360578859e-13
2032,2.497466752e-13
2036,3.770148053e-14
2040,-6.85936903e-14
2044,-2.579657408e-13
2048,8.952953938e-14
2052,1.522812638e-13
2056,3.667875194e-13
2060,2.066102823e-13
2064,-1.512969573e-14
2068,1.983677708e-13
2072,1.899602674e-14
2076,3.557037477e-13
2080,4.53293761e-13
2084,3.160521432e-13
2088,5.291859615e-13
2092,5.835649889e-13
2096,4.189901193e-13
2100,2.788365784e-13
2104,5.03086559e-13
2108,1.883480351e-13
2112,1.024113858e-13
2116,2.118605584e-13
2120,3.916490884e-13
2124,5.122971139e-14
2128,3.036847304e-13
2132,-4.194612865e-14
2136,1.945434102e-13
2140,2.807951354e-13
2144,2.097631828e-13
2148,4.780039212e-13
2152,2.624669958e-13
2156,7.451892632e-15
2160,2.85622654e-13
2164,9.652506252e-14
2168,3.174047667e-13
2172,6.249657774e-14
2176,2.073810687e-13
2180,5.327702391e-14
2184,3.310546553e-13
2188,2.833980609e-13
2192,-1.960125584e-13
2196,1.040515601e-13
2200,6.366107186e-14
2204,8.388916731e-14
2208,2.417334453e-13
2212,3.578327616e-14
2216,-8.261673409e-14
2220,-1.570698595e-13
2224,1.867308256e-13
2228,-2.767985765e-14
2232,-3.248792498e-14
2236,-2.747545572e-13
2240,7.234296644e-17
2244,5.46741065e-14
2248,7.218363955e-14
2252,-4.128259353e-14
2256,1.164040923e-13
2260,5.090911958e-14
2264,-1.030447768e-13
2268,-1.744458934e-14
2272,-1.333107886e-15
2276,7.473080314e-15
2280,-1.614737532e-13
2284,1.293513094e-13
2288,4.783287549e-14
2292,-1.249100378e-13
2296,2.656572336e-13
2300,-4.446060355e-14
2304,-4.329166759e-14
2308,2.813773994e-15
2312,7.914185427e-15
2316,1.274059661e-13
2320,-7.397406391e-14
2324,-7.981923499e-15
2328,5.028539417e-15
2332,-2.025185473e-14
2336,7.646577734e-14
2340,3.476184591e-14
2344,1.07761107e-14
2348,-1.080841485e-13
2352,-2.296954978e-14
2356,5.299849237e-14
2360,-7.68583805e-15
2364,-2.233194912e-14
2368,2.162505269e-14
2372,2.499884929e-14
2376,4.226619529e-14
2380,2.730110178e-14
2384,9.924254073e-14
2388,1.504068273e-13
2392,3.953220401e-13
2396,3.825993071e-13
2400,5.266765756e-13
2404,5.573095154e-13
2408,6.011225046e-13
2412,6.897387934e-13
2416,6.849570282e-13
2420,7.132763347e-13
2424,6.631665703e-13
2428,6.656055915e-13
2432,5.289683622e-13
2436,4.152714956e-13
2440,4.393035144e-13
2444,3.643358672e-13
2448,4.096872581e-13
2452,3.095660664e-13
2456,2.869639205e-13
2460,3.247809736e-13
2464,2.731039407e-13
2468,3.506420685e-13
2472,3.055649809e-13
2476,3.019494106e-13
2480,2.909075433e-13
2484,3.244852304e-13
2488,3.645377186e-13
2492,1.678085568e-13
2496,2.108417878e-13
2500,2.021016004e-13
2504,1.150712148e-13
2508,7.8624329e-14
2512,7.138786903e-14
2516,1.138965495e-13
2520,-2.624260537e-15
2524,9.252705346e-14
2528,9.031001587e-14
2532,3.701548887e-14
2536,7.591616138e-14
2540,-4.301037218e-15
2544,8.33293463e-14
2548,5.219899491e-14
2552,5.098757855e-14
2556,9.972278808e-14
2560,8.48854949e-14
2564,7.733844489e-14
2568,8.184787212e-14
2572,9.464013639e-14
2576,7.838433407e-14
2580,1.373935823e-13
2584,9.721834205e-14
2588,1.380098564e-13
2592,1.526425199e-13
2596,1.351785437e-13
2600,1.711449179e-13
2604,2.89861234e-13
2608,4.425269287e-13
2612,7.226345173e-13
2616,8.525311533e-13
2620,9.12721938e-13
2624,1.161757864e-12
2628,1.2151172e-12
2632,1.061380367e-12
2636,8.241147023e-13
2640,7.78781011e-13
2644,6.260653888e-13
2648,5.553861949e-13
2652,5.46809451e-13
2656,4.631993031e-13
2660,4.291357851e-13
2664,3.06398136e-13
2668,2.899083968e-13
2672,2.324456816e-13
2676,1.899540367e-13
2680,1.404888846e-13
2684,1.721721724e-13
2688,1.342729638e-13
2692,9.943736508e-14
2696,9.449819399e-14
2700,7.107620834e-14
2704,7.971429777e-14
2708,1.30453943e-13
2712,1.187836721e-13
2716,1.284445234e-13
2720,1.1838165e-13
2724,1.747761414e-13
2728,1.689803896e-13
2732,1.943028935e-13
2736,1.8658065e-13
2740,2.575331441e-13
2744,2.973021677e-13
2748,3.316596943e-13
2752,4.193268996e-13
2756,5.06023229e-13
2760,5.225348691e-13
2764,7.371132784e-13
2768,9.113605053e-13
2772,1.013981434e-12
2776,1.223877119e-12
2780,1.305321086e-12
2784,1.561133818e-12
2788,1.555608507e-12
2792,1.328564862e-12
2796,1.12174354e-12
2800,6.202752613e-13
2804,6.877790438e-13
2808,7.195368433e-13
2812,1.082225889e-12
2816,1.170036182e-12
2820,1.223521067e-12
2824,1.237248585e-12
2828,1.381286578e-12
2832,1.569133387e-12
2836,1.579967602e-12
2840,1.471743951e-12
2844,1.582658267e-12
2848,1.789201166e-12
2852,1.446285691e-12
2856,1.384095746e-12
2860,1.60443425e-12
2864,1.559573e-12
2868,1.739087498e-12
2872,1.791006362e-12
2876,1.752350977e-12
2880,1.767008415e-12
2884,1.641912084e-12
2888,1.543266166e-12
2892,1.466477655e-12
2896,1.22251753e-12
2900,1.243257233e-12
2904,1.109487502e-12
2908,1.267674659e-12
2912,1.231089015e-12
2916,1.149841615e-12
2920,1.280731597e-12
2924,1.41757244e-12
2928,1.45572855e-12
2932,1.635818217e-12
2936,1.836830167e-12
2940,1.700134174e-12
2944,1.595142746e-12
2948,1.750922541e-12
2952,1.688675783e-12
2956,1.961552448e-12
2960,2.108189925e-12
2964,2.21184876e-12
2968,2.075160356e-12
2972,2.186187429e-12
2976,2.262346126e-12
2980,2.157997522e-12
2984,2.268695214e-12
2988,2.215429879e-12
2992,2.304928384e-12
2996,2.099922666e-12
3000,2.233297531e-12
3004,2.099090866e-12
3008,1.974817228e-12
3012,2.016743977e-12
3016,1.768731862e-12
3020,1.600476696e-12
3024,1.337637466e-12
3028,8.191137655e-13
3032,6.457131379e-13
3036,5.136918451e-13
3040,5.003055804e-13
3044,4.44729377e-13
3048,4.502303478e-13
3052,4.608402418e-13
3056,4.625399456e-13
3060,4.856608822e-13
3064,8.297117333e-13
3068,9.672860386e-13
3072,1.032411353e-12
3076,1.06924582e-12
3080,1.104191608e-12
3084,1.247461552e-12
3088,1.109163542e-12
3092,1.154967831e-12
3096,1.138138412e-12
3100,1.182314229e-12
3104,1.202844248e-12
3108,1.066893752e-12
3112,1.117324983e-12
3116,9.893831631e-13
3120,8.854002058e-13
3124,8.714972645e-13
3128,9.016863861e-13
3132,9.153051581e-13
3136,1.019198831e-12
3140,1.173540648e-12
3144,1.297847463e-12
3148,1.362235194e-12
3152,1.5262546e-12
3156,1.429311422e-12
3160,1.384099324e-12
3164,1.303327671e-12
3168,1.105281014e-12
3172,8.872378743e-13
3176,7.31488817e-13
3180,6.467946296e-13
3184,6.847791106e-13
3188,5.736885576e-13
3192,6.052932678e-13
3196,6.470239925e-13
3200,7.094122382e-13
3204,8.203530086e-13
3208,8.509030611e-13
3212,9.000919584e-13
3216,1.117332464e-12
3220,1.217947509e-12
3224,1.447460424e-12
3228,1.688277556e-12
3232,1.903188111e-12
3236,2.05931279e-12
3240,2.146622723e-12
3244,2.153510877e-12
3248,2.389577035e-12
3252,2.642310632e-12
3256,2.594989544e-12
3260,2.543667534e-12
3264,2.690567604e-12
3268,2.477807673e-12
3272,2.048188008e-12
3276,1.924284516e-12
3280,1.260119613e-12
3284,1.072563913e-12
3288,9.588911696e-13
3292,8.139222803e-13
3296,5.881028628e-13
3300,5.152113545e-13
3304,5.369798573e-13
3308,5.308727633e-13
3312,5.319372872e-13
3316,5.297395552e-13
3320,5.343331029e-13
3324,5.521036644e-13
3328,5.869339845e-13
3332,6.436673026e-13
3336,7.3233276e-13
3340,8.453637638e-13
3344,9.320942455e-13
3348,9.741933822e-13
3352,1.032180418e-12
3356,1.153429565e-12
3360,1.32606209e-12
3364,1.523430037e-12
3368,1.722315216e-12
3372,1.898960373e-12
3376,2.033937472e-12
3380,2.116803477e-12
3384,2.146401329e-12
3388,2.131861094e-12
3392,2.105985959e-12
3396,2.106057733e-12
3400,2.103364358e-12
3404,2.03254232e-12
3408,1.911984026e-12
3412,1.81602899e-12
3416,1.769257917e-12
3420,1.766880912e-12
3424,1.781307523e-12
3428,1.752165362e-12
3432,1.687856127e-12
3436,1.674558495e-12
3440,1.733953476e-12
3444,1.807333797e-12
3448,1.855231897e-12
3452,1.868138456e-12
3456,1.86381661e-12
3460,1.910170373e-12
3464,2.037474356e-12
3468,2.165254087e-12
3472,2.228359424e-12
3476,2.279912804e-12
3480,2.377410335e-12
3484,2.487099068e-12
3488,2.563580641e-12
3492,2.61467909e-12
3496,2.656230054e-12
3500,2.702147534e-12
3504,2.774791031e-12
3508,2.814500586e-12
3512,2.724490338e-12
3516,2.537950319e-12
3520,2.35384108e-12
3524,2.198421133e-12
3528,2.055911214e-12
3532,1.924169591e-12
3536,1.81086385e-12
3540,1.713090173e-12
3544,1.612456479e-12
3548,1.518811335e-12
3552,1.483639925e-12
3556,1.530116528e-12
3560,1.638438192e-12
3564,1.781675935e-12
3568,1.898134861e-12
3572,1.942114004e-12
3576,1.967696622e-12
3580,2.023399026e-12
3584,2.056159279e-12
3588,2.019299875e-12
3592,1.961283349e-12
3596,1.935301745e-12
3600,1.928189379e-12
3604,1.915556255e-12
3608,1.901947783e-12
3612,1.897241695e-12
3616,1.89479335e-12
3620,1.883741644e-12
3624,1.853766056e-12
3628,1.792745856e-12
3632,1.716274475e-12
3636,1.668914247e-12
3640,1.652154758e-12
3644,1.614707391e-12
3648,1.573262896e-12
3652,1.641219929e-12
3656,1.853964898e-12
3660,2.122256364e-12
3664,2.371085099e-12
3668,2.533670322e-12
3672,2.57044234e-12
3676,2.530977598e-12
3680,2.4608913e-12
3684,2.374519852e-12
3688,2.275375634e-12
3692,2.119036066e-12
3696,1.877749041e-12
3700,1.636477412e-12
3704,1.491044484e-12
3708,1.421032562e-12
3712,1.371823662e-12
3716,1.366979772e-12
3720,1.455654824e-12
3724,1.631588744e-12
3728,1.858391045e-12
3732,2.114018379e-12
3736,2.382392677e-12
3740,2.642874201e-12
3744,2.874885009e-12
3748,3.062445046e-12
3752,3.193491045e-12
3756,3.263689015e-12
3760,3.281691325e-12
3764,3.239646615e-12
3768,3.103411842e-12
3772,2.875720495e-12
3776,2.612066596e-12
3780,2.356991338e-12
3784,2.121812708e-12
3788,1.914041842e-12
3792,1.752655313e-12
3796,1.639760376e-12
3800,1.538469872e-12
3804,1.416657481e-12
3808,1.28695817e-12
3812,1.172671769e-12
3816,1.081152312e-12
3820,1.013110169e-12
3824,9.544777078e-13
3828,8.863940398e-13
3832,8.067647028e-13
3836,7.184511775e-13
3840,6.480519788e-13
3844,6.398850633e-13
3848,6.721729835e-13
3852,6.780239347e-13
3856,6.596724035e-13
3860,6.742828951e-13
3864,7.237943968e-13
3868,7.565035295e-13
3872,7.627490219e-13
3876,7.822724131e-13
3880,8.316184113e-13
3884,8.93545112e-13
3888,9.545457957e-13
3892,1.009614267e-12
3896,1.057705464e-12
3900,1.102293387e-12
3904,1.152559385e-12
3908,1.246432753e-12
3912,1.41438868e-12
3916,1.616501963e-12
3920,1.809801224e-12
3924,1.982204548e-12
3928,2.119386697e-12
3932,2.273006002e-12
3936,2.516983367e-12
3940,2.823960467e-12
3944,3.129657557e-12
3948,3.432322569e-12
3952,3.753979766e-12
3956,4.095542048e-12
3960,4.450759206e-12
3964,4.813259166e-12
3968,5.170676387e-12
3972,5.516087587e-12
3976,5.854543413e-12
3980,6.168764284e-12
3984,6.402471001e-12
3988,6.529733351e-12
3992,6.585684255e-12
3996,6.592065002e-12
4000,6.531747799e-12
4004,6.401910252e-12
4008,6.248759756e-12
4012,6.105869716e-12
4016,5.935597933e-12
4020,5.708077674e-12
4024,5.460740367e-12
4028,5.241256214e-12
4032,5.086800772e-12
4036,5.023151166e-12
4040,5.050505587e-12
4044,5.143995473e-12
4048,5.229390705e-12
4052,5.211516982e-12
4056,5.054354071e-12
4060,4.775112163e-12
4064,4.412081377e-12
4068,4.033627165e-12
4072,3.725084477e-12
4076,3.578717184e-12
4080,3.682630589e-12
4084,4.124325013e-12
4088,4.849737365e-12
4092,5.606185221e-12
4096,6.203559368e-12
4100,6.542635791e-12
4104,6.611395459e-12
4108,6.539987302e-12
4112,6.436877073e-12
4116,6.308613354e-12
4120,6.147918112e-12
4124,5.96249005e-12
4128,5.766931203e-12
4132,5.597617855e-12
4136,5.48983168e-12
4140,5.447341363e-12
4144,5.463034539e-12
4148,5.539731868e-12
4152,5.679614765e-12
4156,5.890664258e-12
4160,6.176636893e-12
4164,6.456961701e-12
4168,6.603037995e-12
4172,6.611206808e-12
4176,6.56847363e-12
4180,6.459946727e-12
4184,6.200180994e-12
4188,5.814968299e-12
4192,5.414782771e-12
4196,5.093116467e-12
4200,4.930742446e-12
4204,4.945976788e-12
4208,5.075180293e-12
4212,5.285979553e-12
4216,5.614135025e-12
4220,6.067561384e-12
4224,6.600007867e-12
4228,7.145937921e-12
4232,7.617385889e-12
4236,7.937484003e-12
4240,8.070343005e-12
4244,8.006375077e-12
4248,7.805848849e-12
4252,7.549347432e-12
4256,7.249722524e-12
4260,6.904873374e-12
4264,6.570286416e-12
4268,6.309909192e-12
4272,6.133338195e-12
4276,6.028533575e-12
4280,5.955362939e-12
4284,5.864892339e-12
4288,5.706781402e-12
4292,5.418985139e-12
4296,5.035124227e-12
4300,4.6912179e-12
4304,4.459296214e-12
4308,4.318779275e-12
4312,4.303768279e-12
4316,4.534219354e-12
4320,5.061122528e-12
4324,5.81243647e-12
4328,6.709521393e-12
4332,7.684826733e-12
4336,8.64924625e-12
4340,9.393583134e-12
4344,9.747694839e-12
4348,9.813819028e-12
4352,9.723341056e-12
4356,9.479080715e-12
4360,9.086523201e-12
4364,8.652943813e-12
4368,8.301584246e-12
4372,8.117855346e-12
4376,8.158580582e-12
4380,8.406857675e-12
4384,8.787663305e-12
4388,9.217836563e-12
4392,9.608676702e-12
4396,9.874684403e-12
4400,9.946589559e-12
4404,9.821121347e-12
4408,9.579744983e-12
4412,9.290727909e-12
4416,9.001644916e-12
4420,8.750489049e-12
4424,8.539395753e-12
4428,8.377005686e-12
4432,8.294065955e-12
4436,8.303219223e-12
4440,8.384317546e-12
4444,8.512072991e-12
4448,8.664642788e-12
4452,8.820469528e-12
4456,8.960087013e-12
4460,9.06755053e-12
4464,9.134857801e-12
4468,9.155886119e-12
4472,9.108554189e-12
4476,8.976147083e-12
4480,8.792890027e-12
4484,8.613593346e-12
4488,8.443926981e-12
4492,8.259557101e-12
4496,8.051732892e-12
4500,7.820072714e-12
4504,7.570543151e-12
4508,7.31716944e-12
4512,7.080830713e-12
4516,6.890263533e-12
4520,6.760641526e-12
4524,6.691546189e-12
4528,6.694195545e-12
4532,6.793311573e-12
4536,7.013091496e-12
4540,7.368713278e-12
4544,7.87768635e-12
4548,8.563069524e-12
4552,9.416632404e-12
4556,1.039481869e-11
4560,1.140952176e-11
4564,1.229225836e-11
4568,1.28982814e-11
4572,1.322412492e-11
4576,1.331535403e-11
4580,1.320466306e-11
4584,1.293349629e-11
4588,1.253889961e-11
4592,1.205561779e-11
4596,1.1523121e-11
4600,1.097799282e-11
4604,1.045161874e-11
4608,9.976209095e-12
4612,9.544985462e-12
4616,9.11946213e-12
4620,8.718350694e-12
4624,8.404152374e-12
4628,8.196037599e-12
4632,8.074190622e-12
4636,8.011061432e-12
4640,7.971598208e-12
4644,7.920480244e-12
4648,7.824574322e-12
4652,7.666906172e-12
4656,7.46126598e-12
4660,7.227388826e-12
4664,6.996715273e-12
4668,6.798225177e-12
4672,6.620141067e-12
4676,6.451558471e-12
4680,6.301036949e-12
4684,6.173533906e-12
4688,6.103940704e-12
4692,6.129799793e-12
4696,6.233825088e-12
4700,6.379989852e-12
4704,6.545510228e-12
4708,6.713799655e-12
4712,6.846715469e-12
4716,6.894733048e-12
4720,6.871755769e-12
4724,6.843940345e-12
4728,6.835913779e-12
4732,6.833369808e-12
4736,6.829928116e-12
4740,6.819607379e-12
4744,6.794570982e-12
4748,6.744019405e-12
4752,6.677742127e-12
4756,6.663597191e-12
4760,6.732743269e-12
4764,6.807685925e-12
4768,6.830958542e-12
4772,6.815442308e-12
4776,6.772391675e-12
4780,6.708324868e-12
4784,6.613953309e-12
4788,6.417637689e-12
4792,6.045556417e-12
4796,5.466736439e-12
4800,4.696393448e-12
4804,3.844609093e-12
4808,3.066954026e-12
4812,2.459701713e-12
4816,2.068405343e-12
4820,1.894829346e-12
4824,1.893676188e-12
4828,2.027424235e-12
4832,2.269010283e-12
4836,2.597620253e-12
4840,3.004101959e-12
4844,3.50272979e-12
4848,4.13798943e-12
4852,4.90837232e-12
4856,5.760444205e-12
4860,6.621909618e-12
4864,7.396420282e-12
4868,8.026313988e-12
4872,8.521837749e-12
4876,8.900126296e-12
4880,9.163472064e-12
4884,9.31631855e-12
4888,9.356114841e-12
4892,9.307590289e-12
4896,9.266684642e-12
4900,9.330983902e-12
4904,9.529268e-12
4908,9.850014034e-12
4912,1.024461765e-11
4916,1.064489642e-11
4920,1.10139892e-11
4924,1.132762027e-11
4928,1.158093933e-11
4932,1.178911309e-11
4936,1.18888701e-11
4940,1.177461253e-11
4944,1.142240035e-11
4948,1.086168135e-11
4952,1.015294879e-11
4956,9.389308775e-12
4960,8.625777176e-12
4964,7.866568508e-12
4968,7.146877708e-12
4972,6.547104872e-12
4976,6.122688294e-12
4980,5.886589393e-12
4984,5.841362984e-12
4988,5.979414446e-12
4992,6.284933945e-12
4996,6.751742394e-12
5000,7.360253032e-12
5004,8.037105703e-12
5008,8.704434742e-12
5012,9.324715479e-12
5016,9.865564962e-12
5020,1.031298311e-11
5024,1.066763344e-11
5028,1.089252299e-11
5032,1.093752432e-11
5036,1.082779005e-11
5040,1.062849721e-11
5044,1.034806702e-11
5048,9.965183193e-12
5052,9.494383578e-12
5056,8.96879359e-12
5060,8.43093477e-12
5064,7.942931035e-12
5068,7.539363231e-12
5072,7.208533249e-12
5076,6.952244336e-12
5080,6.806903131e-12
5084,6.77401104e-12
5088,6.767051329e-12
5092,6.727765046e-12
5096,6.707448832e-12
5100,6.744015502e-12
5104,6.810342221e-12
5108,6.883750948e-12
5112,6.976066426e-12
5116,7.099455572e-12
5120,7.236334795e-12
5124,7.368916241e-12
5128,7.503489149e-12
5132,7.659878808e-12
5136,7.883915742e-12
5140,8.229879452e-12
5144,8.723298126e-12
5148,9.360621653e-12
5152,1.008008087e-11
5156,1.076730372e-11
5160,1.137245333e-11
5164,1.191621714e-11
5168,1.237069648e-11
5172,1.265538369e-11
5176,1.275721022e-11
5180,1.275469487e-11
5184,1.269168364e-11
5188,1.255737875e-11
5192,1.235130661e-11
5196,1.208256498e-11
5200,1.177475565e-11
5204,1.148943354e-11
5208,1.12651867e-11
5212,1.106300728e-11
5216,1.085745729e-11
5220,1.071778777e-11
5224,1.071021223e-11
5228,1.080463843e-11
5232,1.094287508e-11
5236,1.110159013e-11
5240,1.127514141e-11
5244,1.149411902e-11
5248,1.18015207e-11
5252,1.21389062e-11
5256,1.239167623e-11
5260,1.257046984e-11
5264,1.276463744e-11
5268,1.299105875e-11
5272,1.323151658e-11
5276,1.341214986e-11
5280,1.340473912e-11
5284,1.318531916e-11
5288,1.283027504e-11
5292,1.242064351e-11
5296,1.203487397e-11
5300,1.171278439e-11
5304,1.143693907e-11
5308,1.119498765e-11
5312,1.099915645e-11
5316,1.086789426e-11
5320,1.083573509e-11
5324,1.091683081e-11
5328,1.106324928e-11
5332,1.12136524e-11
5336,1.131642956e-11
5340,1.132421327e-11
5344,1.123089989e-11
5348,1.10534186e-11
5352,1.075020715e-11
5356,1.026546469e-11
5360,9.694026831e-12
5364,9.181459412e-12
5368,8.79649565e-12
5372,8.586371197e-12
5376,8.493724821e-12
5380,8.373825938e-12
5384,8.199710008e-12
5388,8.046192185e-12
5392,7.941197179e-12
5396,7.873704293e-12
5400,7.829469711e-12
5404,7.780735257e-12
5408,7.701905086e-12
5412,7.560117463e-12
5416,7.347581744e-12
5420,7.148961111e-12
5424,7.027394291e-12
5428,6.951589911e-12
5432,6.894546566e-12
5436,6.832120807e-12
5440,6.737073573e-12
5444,6.63654548e-12
5448,6.564259553e-12
5452,6.492108934e-12
5456,6.382192518e-12
5460,6.240625638e-12
5464,6.08830434e-12
5468,5.950078104e-12
5472,5.855459347e-12
5476,5.809727699e-12
5480,5.799825897e-12
5484,5.820120427e-12
5488,5.867210363e-12
5492,5.962864751e-12
5496,6.164265279e-12
5500,6.466590284e-12
5504,6.774864957e-12
5508,7.031634823e-12
5512,7.236262804e-12
5516,7.395938896e-12
5520,7.545753085e-12
5524,7.715003983e-12
5528,7.924715571e-12
5532,8.16290785e-12
5536,8.328710985e-12
5540,8.341076094e-12
5544,8.21729837e-12
5548,8.006758451e-12
5552,7.767246915e-12
5556,7.550782916e-12
5560,7.355100903e-12
5564,7.158164252e-12
5568,6.981005617e-12
5572,6.858472991e-12
5576,6.802610125e-12
5580,6.805469382e-12
5584,6.80247178e-12
5588,6.690559565e-12
5592,6.452615352e-12
5596,6.146108796e-12
5600,5.817651916e-12
5604,5.514894097e-12
5608,5.252789523e-12
5612,5.001500516e-12
5616,4.771522587e-12
5620,4.622004602e-12
5624,4.585415814e-12
5628,4.663579418e-12
5632,4.824092514e-12
5636,4.983425131e-12
5640,5.095894626e-12
5644,5.207068283e-12
5648,5.363406767e-12
5652,5.561244174e-12
5656,5.778675281e-12
5660,5.979677691e-12
5664,6.12696352e-12
5668,6.203370283e-12
5672,6.205932469e-12
5676,6.158906718e-12
5680,6.097720853e-12
5684,6.0516917e-12
5688,6.050012921e-12
5692,6.076711183e-12
5696,6.087273047e-12
5700,6.087138606e-12
5704,6.115425007e-12
5708,6.154020002e-12
5712,6.139406691e-12
5716,6.057820912e-12
5720,5.945083835e-12
5724,5.807169849e-12
5728,5.61342162e-12
5732,5.354629067e-12
5736,5.050482602e-12
5740,4.720818354e-12
5744,4.38524694e-12
5748,4.05921477e-12
5752,3.745009077e-12
5756,3.441691159e-12
5760,3.138913391e-12
5764,2.826762045e-12
5768,2.514148612e-12
5772,2.211312513e-12
5776,1.927356712e-12
5780,1.672537651e-12
5784,1.447211708e-12
5788,1.248348538e-12
5792,1.080423077e-12
5796,9.501737504e-13
5800,8.580143974e-13
5804,8.005829073e-13
5808,7.790003451e-13
5812,7.974883774e-13
5816,8.515753207e-13
5820,9.292884387e-13
5824,1.022991154e-12
5828,1.129121536e-12
5832,1.249164075e-12
5836,1.393836218e-12
5840,1.57361602e-12
5844,1.797993937e-12
5848,2.075255983e-12
5852,2.399444792e-12
5856,2.774979031e-12
5860,3.257775343e-12
5864,3.883121689e-12
5868,4.617393273e-12
5872,5.409145354e-12
5876,6.186618058e-12
5880,6.884556727e-12
5884,7.476733642e-12
5888,7.966691543e-12
5892,8.439830432e-12
5896,8.992690273e-12
5900,9.541032027e-12
5904,9.904993492e-12
5908,1.003566067e-11
5912,9.97631925e-12
5916,9.769592253e-12
5920,9.47595908e-12
5924,9.12515289e-12
5928,8.70498118e-12
5932,8.239888806e-12
5936,7.789126115e-12
5940,7.404838895e-12
5944,7.14615216e-12
5948,7.00406096e-12
5952,6.866419759e-12
5956,6.666043585e-12
5960,6.425733209e-12
5964,6.180178765e-12
5968,5.959816841e-12
5972,5.779246005e-12
5976,5.614081248e-12
5980,5.438209345e-12
5984,5.257773383e-12
5988,5.085847542e-12
5992,4.920344947e-12
5996,4.757602298e-12
6000,4.609703678e-12
6004,4.489870715e-12
6008,4.378914766e-12
6012,4.244296754e-12
6016,4.085151922e-12
6020,3.91741934e-12
6024,3.748763019e-12
6028,3.584095694e-12
6032,3.427876039e-12
6036,3.284087845e-12
6040,3.154540431e-12
6044,3.038679117e-12
6048,2.940455171e-12
6052,2.867505278e-12
6056,2.826020451e-12
6060,2.821116604e-12
6064,2.850927393e-12
6068,2.904434289e-12
6072,2.970851429e-12
6076,3.041800319e-12
6080,3.113280684e-12
6084,3.192449994e-12
6088,3.287293181e-12
6092,3.398575692e-12
6096,3.526635798e-12
6100,3.673639084e-12
6104,3.841847847e-12
6108,4.03067987e-12
6112,4.237820164e-12
6116,4.469215796e-12
6120,4.730677655e-12
6124,5.018912803e-12
6128,5.328223539e-12
6132,5.633831943e-12
6136,5.902276064e-12
6140,6.112203625e-12
6144,6.242318294e-12
6148,6.307952858e-12
6152,6.373332851e-12
6156,6.447133626e-12
6160,6.46407667e-12
6164,6.393846824e-12
6168,6.243026929e-12
6172,6.033467996e-12
6176,5.85411537e-12
6180,5.763912785e-12
6184,5.71097206e-12
6188,5.651993196e-12
6192,5.564672421e-12
6196,5.431027156e-12
6200,5.303972105e-12
6204,5.238773391e-12
6208,5.21267968e-12
6212,5.191974455e-12
6216,5.184793567e-12
6220,5.209992594e-12
6224,5.291720187e-12
6228,5.458201599e-12
6232,5.690200047e-12
6236,5.941577091e-12
6240,6.249498315e-12
6244,6.714004352e-12
6248,7.351643599e-12
6252,8.107734102e-12
6256,8.974591903e-12
6260,9.982091542e-12
6264,1.129558166e-11
6268,1.32795901e-11
6272,1.618586862e-11
6276,2.021076882e-11
6280,2.508440677e-11
6284,2.958426212e-11
6288,3.294160431e-11
6292,3.556482192e-11
6296,3.781821384e-11
6300,3.953140593e-11
6304,4.045254409e-11
6308,4.031907794e-11
6312,3.899586209e-11
6316,3.678463437e-11
6320,3.412496327e-11
6324,3.11338455e-11
6328,2.78827933e-11
6332,2.487592077e-11
6336,2.273224838e-11
6340,2.159587092e-11
6344,2.129202543e-11
6348,2.14524197e-11
6352,2.152594075e-11
6356,2.147395976e-11
6360,2.171125432e-11
6364,2.215224358e-11
6368,2.230610315e-11
6372,2.194982217e-11
6376,2.111448516e-11
6380,1.988173862e-11
6384,1.838424551e-11
6388,1.672583252e-11
6392,1.492644203e-11
6396,1.307142762e-11
6400,1.137182622e-11
6404,9.992185898e-12
6408,8.971955991e-12
6412,8.294647955e-12
6416,7.899441518e-12
6420,7.699356777e-12
6424,7.610985626e-12
6428,7.554858648e-12
6432,7.465778863e-12
6436,7.290451229e-12
6440,7.037518571e-12
6444,6.743054032e-12
6448,6.371015694e-12
6452,5.875885715e-12
6456,5.229968802e-12
6460,4.402958033e-12
6464,3.502502541e-12
6468,2.724054055e-12
6472,2.166837022e-12
6476,1.862022689e-12
6480,1.801192875e-12
6484,1.932047404e-12
6488,2.219678434e-12
6492,2.659232209e-12
6496,3.278271968e-12
6500,4.158583634e-12
6504,5.408526058e-12
6508,7.159165621e-12
6512,9.560702056e-12
6516,1.281547785e-11
6520,1.706434993e-11
6524,2.249098303e-11
6528,2.916621805e-11
6532,3.653223557e-11
6536,4.399177897e-11
6540,5.078753737e-11
6544,5.616980492e-11
6548,6.051054796e-11
6552,6.457291646e-11
6556,6.863777602e-11
6560,7.277022041e-11
6564,7.68416164e-11
6568,8.051571909e-11
6572,8.330101886e-11
6576,8.458728856e-11
6580,8.411149555e-11
6584,8.202252766e-11
6588,7.859606022e-11
6592,7.435201066e-11
6596,6.957254911e-11
6600,6.400797253e-11
6604,5.763240926e-11
6608,5.078827636e-11
6612,4.386060959e-11
6616,3.746995075e-11
6620,3.205197219e-11
6624,2.74604367e-11
6628,2.3504549e-11
6632,2.024836375e-11
6636,1.771226742e-11
6640,1.566986818e-11
6644,1.387765337e-11
6648,1.228201568e-11
6652,1.091222078e-11
6656,9.797885593e-12
6660,8.965038781e-12
6664,8.336663825e-12
6668,7.774176268e-12
6672,7.251190967e-12
6676,6.818361847e-12
6680,6.4664849e-12
6684,6.146193363e-12
6688,5.840201153e-12
6692,5.55434778e-12
6696,5.28978597e-12
6700,5.046754681e-12
6704,4.822527794e-12
6708,4.60614576e-12
6712,4.402563817e-12
6716,4.240555389e-12
6720,4.133581064e-12
6724,4.066207007e-12
6728,4.021938164e-12
6732,3.995406436e-12
6736,3.980175998e-12
6740,3.963821892e-12
6744,3.937137508e-12
6748,3.897558925e-12
6752,3.849286341e-12
6756,3.812145911e-12
6760,3.805592126e-12
6764,3.822096285e-12
6768,3.842818858e-12
6772,3.837642877e-12
6776,3.771517387e-12
6780,3.653068299e-12
6784,3.512686886e-12
6788,3.371046064e-12
6792,3.243396437e-12
6796,3.138612417e-12
6800,3.064633616e-12
6804,3.006807043e-12
6808,2.925799577e-12
6812,2.818894423e-12
6816,2.727852666e-12
6820,2.670817126e-12
6824,2.626882652e-12
6828,2.586300098e-12
6832,2.566743693e-12
6836,2.5739068e-12
6840,2.576918279e-12
6844,2.552354595e-12
6848,2.527438545e-12
6852,2.525170611e-12
6856,2.49391805e-12
6860,2.385802927e-12
6864,2.225790949e-12
6868,2.036611331e-12
6872,1.908970378e-12
6876,1.962150494e-12
6880,2.107516852e-12
6884,2.179806249e-12
6888,2.171461361e-12
6892,2.137904437e-12
6896,2.10576348e-12
6900,2.101138707e-12
6904,2.129857055e-12
6908,2.17263707e-12
6912,2.21275949e-12
6916,2.230165054e-12
6920,2.222753882e-12
6924,2.224048203e-12
6928,2.249138376e-12
6932,2.274782576e-12
6936,2.291039754e-12
6940,2.320517042e-12
6944,2.374874386e-12
6948,2.426675397e-12
6952,2.457167282e-12
6956,2.490117704e-12
6960,2.546248368e-12
6964,2.614107064e-12
6968,2.678180594e-12
6972,2.730428513e-12
6976,2.766609641e-12
6980,2.791477119e-12
6984,2.815735492e-12
6988,2.854880395e-12
6992,2.924008691e-12
6996,3.021258157e-12
7000,3.130435798e-12
7004,3.231789402e-12
7008,3.30267866e-12
7012,3.332460176e-12
7016,3.325255869e-12
7020,3.293734643e-12
7024,3.262579009e-12
7028,3.24717705e-12
7032,3.245911569e-12
7036,3.263514025e-12
7040,3.317999087e-12
7044,3.408297949e-12
7048,3.50031744e-12
7052,3.572160363e-12
7056,3.632641063e-12
7060,3.696893919e-12
7064,3.774531035e-12
7068,3.874689632e-12
7072,4.015113329e-12
7076,4.196365477e-12
7080,4.365355299e-12
7084,4.463678559e-12
7088,4.494031883e-12
7092,4.488949143e-12
7096,4.475977748e-12
7100,4.483623542e-12
7104,4.527046706e-12
7108,4.610253151e-12
7112,4.751517322e-12
7116,4.975113637e-12
7120,5.280878165e-12
7124,5.654018486e-12
7128,6.06583837e-12
7132,6.471755423e-12
7136,6.856540509e-12
7140,7.242828733e-12
7144,7.62004522e-12
7148,7.928926612e-12
7152,8.153165643e-12
7156,8.336385401e-12
7160,8.51960516e-12
7164,8.744936199e-12
7168,9.007049447e-12
7172,9.168162757e-12
7176,9.120088365e-12
7180,8.944176996e-12
7184,8.738900228e-12
7188,8.505475838e-12
7192,8.238274646e-12
7196,7.922810845e-12
7200,7.531944686e-12
7204,7.138669864e-12
7208,6.851912267e-12
7212,6.633439891e-12
7216,6.390192195e-12
7220,6.127362073e-12
7224,5.904495642e-12
7228,5.765559905e-12
7232,5.74519772e-12
7236,5.940024514e-12
7240,6.49974562e-12
7244,7.536181748e-12
7248,9.112543185e-12
7252,1.128279067e-11
7256,1.409754258e-11
7260,1.756130137e-11
7264,2.155698363e-11
7268,2.602046877e-11
7272,3.114682817e-11
7276,3.703588131e-11
7280,4.349321597e-11
7284,5.03041428e-11
7288,5.70494485e-11
7292,6.331780933e-11
7296,6.908491834e-11
7300,7.438462346e-11
7304,7.912382555e-11
7308,8.316393407e-11
7312,8.633092852e-11
7316,8.8434364e-11
7320,8.903394688e-11
7324,8.762224973e-11
7328,8.431180754e-11
7332,7.970950983e-11
7336,7.451440853e-11
7340,6.953711218e-11
7344,6.510609413e-11
7348,6.090190852e-11
7352,5.65387806e-11
7356,5.145288709e-11
7360,4.545809909e-11
7364,3.911775071e-11
7368,3.296645942e-11
7372,2.750705219e-11
7376,2.311240088e-11
7380,1.98630782e-11
7384,1.766494936e-11
7388,1.62050269e-11
7392,1.514612394e-11
7396,1.427423804e-11
7400,1.346886925e-11
7404,1.273903726e-11
7408,1.214437925e-11
7412,1.166630161e-11
7416,1.125149106e-11
7420,1.084972476e-11
7424,1.041329002e-11
7428,9.947155079e-12
7432,9.490787496e-12
7436,9.052952832e-12
7440,8.623979135e-12
7444,8.201476824e-12
7448,7.783361629e-12
7452,7.392094749e-12
7456,7.069940987e-12
7460,6.839055797e-12
7464,6.710343219e-12
7468,6.643419322e-12
7472,6.537374374e-12
7476,6.342078338e-12
7480,6.08506778e-12
7484,5.796196856e-12
7488,5.482989063e-12
7492,5.156426067e-12
7496,4.840919332e-12
7500,4.549511809e-12
7504,4.261669143e-12
7508,3.959952158e-12
7512,3.663415925e-12
7516,3.398046601e-12
7520,3.18711767e-12
7524,3.049106323e-12
7528,2.950100017e-12
7532,2.837157592e-12
7536,2.715213471e-12
7540,2.611073033e-12
7544,2.520682014e-12
7548,2.424771755e-12
7552,2.333612687e-12
7556,2.277843712e-12
7560,2.249191718e-12
7564,2.205216912e-12
7568,2.139238439e-12
7572,2.082586274e-12
7576,2.033093529e-12
7580,1.951318447e-12
7584,1.809356267e-12
7588,1.592827107e-12
7592,1.30637905e-12
7596,9.832689133e-13
7600,6.685373826e-13
7604,4.580564443e-13
7608,4.229909879e-13
7612,5.048705052e-13
7616,6.429850142e-13
7620,7.502145064e-13
7624,7.328269935e-13
7628,6.744659085e-13
7632,6.902219139e-13
7636,7.697214719e-13
7640,8.747373485e-13
7644,1.003898353e-12
7648,1.159908649e-12
7652,1.348323688e-12
7656,1.583043592e-12
7660,1.843926921e-12
7664,2.081151874e-12
7668,2.294335512e-12
7672,2.534604471e-12
7676,2.812786028e-12
7680,3.090638856e-12
7684,3.358516156e-12
7688,3.647779995e-12
7692,3.965991598e-12
7696,4.279657791e-12
7700,4.561481835e-12
7704,4.786244751e-12
7708,4.942534229e-12
7712,5.079749555e-12
7716,5.229109246e-12
7720,5.322882326e-12
7724,5.300559904e-12
7728,5.210044635e-12
7732,5.10871857e-12
7736,4.946684121e-12
7740,4.663899475e-12
7744,4.332326598e-12
7748,4.069152133e-12
7752,3.890159462e-12
7756,3.753475395e-12
7760,3.639563477e-12
7764,3.536314037e-12
7768,3.442729608e-12
7772,3.373718405e-12
7776,3.323092886e-12
7780,3.289936032e-12
7784,3.308850373e-12
7788,2.583852728e-13
7792,-1.004601065e-13
7796,1.965686491e-14
7800,1.104130608e-18
7804,1.103848436e-18
7808,1.103566677e-18
7812,1.103284712e-18
7816,1.103003367e-18
7820,1.10272254e-18
7824,1.102441505e-18
7828,1.10216047e-18
7832,1.101879953e-18
7836,1.101600056e-18
7840,1.101319848e-18
7844,1.101040158e-18
7848,1.100761088e-18
7852,1.100482121e-18
7856,1.100203051e-18
7860,1.099924084e-18
7864,1.099646048e-18
7868,1.099367909e-18
7872,1.099089769e-18
7876,1.098812457e-18
7880,1.098535455e-18
7884,1.098258246e-18
7888,1.097981761e-18
7892,1.097705689e-18
7896,1.097429307e-18
7900,1.097153856e-18
7904,1.096877992e-18
7908,1.096602851e-18
7912,1.096328227e-18
7916,1.096053189e-18
7920,1.095778979e-18
7924,1.095504562e-18
7928,1.095230558e-18
7932,1.094957278e-18
7936,1.094684205e-18
7940,1.094411753e-18
7944,1.094138473e-18
7948,1.093866951e-18
7952,1.093594602e-18
7956,1.09332308e-18
7960,1.093051661e-18
7964,1.092780242e-18
7968,1.092509547e-18
7972,1.092239163e-18
7976,1.091968571e-18
7980,1.091698704e-18
7984,1.091429249e-18
7988,1.091159589e-18
7992,1.090890548e-18
7996,1.090622128e-18
8000,1.090353915e-18
8004,1.090086322e-18
8008,1.089818729e-18
8012,1.089551033e-18
8016,1.089283543e-18
8020,1.089016984e-18
8024,1.088751356e-18
8028,1.088484693e-18
8032,1.088218962e-18
8036,1.087954264e-18
8040,1.087688532e-18
8044,1.087423627e-18
8048,1.08715986e-18
8052,1.086895059e-18
8056,1.086631809e-18
8060,1.086368352e-18
8064,1.086105101e-18
8068,1.085842161e-18
8072,1.085579842e-18
8076,1.085318039e-18
8080,1.08505603e-18
8084,1.084794537e-18
8088,1.084533665e-18
8092,1.084272586e-18
8096,1.084011818e-18
8100,1.083752083e-18
8104,1.083492969e-18
8108,1.083233027e-18
8112,1.082974119e-18
8116,1.082716039e-18
8120,1.082457959e-18
8124,1.082199878e-18
8128,1.081942522e-18
8132,1.081685372e-18
8136,1.081428222e-18
8140,1.081171796e-18
8144,1.080915577e-18
8148,1.080659978e-18
8152,1.080404793e-18
8156,1.080149504e-18
8160,1.079894836e-18
8164,1.079640478e-18
8168,1.079386534e-18
8172,1.079133313e-18
8176,1.078879886e-18
8180,1.078626872e-18
8184,1.078374478e-18
8188,1.078122188e-18
8192,1.077870829e-18
8196,1.077619469e-18
8200,1.07736904e-18
8204,1.077118508e-18
8208,1.076867976e-18
8212,1.076618374e-18
8216,1.076368979e-18
8220,1.076119274e-18
8224,1.075871223e-18
8228,1.075623069e-18
8232,1.075374915e-18
8236,1.075127381e-18
8240,1.074880261e-18
8244,1.074633554e-18
8248,1.074387261e-18
8252,1.074141795e-18
8256,1.073895916e-18
8260,1.07365045e-18
8264,1.073406018e-18
8268,1.073162e-18
8272,1.072917464e-18
8276,1.072674583e-18
8280,1.072430875e-18
8284,1.072189028e-18
8288,1.071946251e-18
8292,1.071704197e-18
8296,1.071463074e-18
8300,1.071222158e-18
8304,1.070981138e-18
8308,1.070740842e-18
8312,1.07050096e-18
8316,1.070261491e-18
8320,1.070022436e-18
8324,1.069783897e-18
8328,1.069545876e-18
8332,1.069308165e-18
8336,1.069071178e-18
8340,1.068833984e-18
8344,1.068596997e-18
8348,1.068361043e-18
8352,1.068125917e-18
8356,1.067890688e-18
8360,1.067655562e-18
8364,1.067421263e-18
8368,1.067186964e-18
8372,1.066953699e-18
8376,1.066720331e-18
8380,1.066487893e-18
8384,1.066255455e-18
8388,1.066023845e-18
8392,1.065792337e-18
8396,1.065561657e-18
8400,1.065331081e-18
8404,1.065101228e-18
8408,1.064871685e-18
8412,1.06464266e-18
8416,1.064414151e-18
8420,1.064185436e-18
8424,1.063957134e-18
8428,1.063729969e-18
8432,1.063503218e-18
8436,1.063276778e-18
8440,1.063051061e-18
8444,1.062825344e-18
8448,1.06259973e-18
8452,1.062375047e-18
8456,1.062151192e-18
8460,1.061927439e-18
8464,1.06170348e-18
8468,1.061481382e-18
8472,1.061258767e-18
8476,1.061036359e-18
8480,1.060815192e-18
8484,1.060594438e-18
8488,1.06037327e-18
8492,1.060153344e-18
8496,1.059933934e-18
8500,1.059714214e-18
8504,1.059495735e-18
8508,1.059277566e-18
8512,1.059059811e-18
8516,1.058842676e-18
8520,1.058625645e-18
8524,1.058409544e-18
8528,1.058193339e-18
8532,1.057978169e-18
8536,1.057762999e-18
8540,1.057548759e-18
8544,1.057334416e-18
8548,1.057120796e-18
8552,1.056908521e-18
8556,1.056695212e-18
8560,1.056483247e-18
8564,1.056272006e-18
8568,1.056060454e-18
8572,1.055849523e-18
8576,1.055639626e-18
8580,1.055430142e-18
8584,1.055221073e-18
8588,1.055012416e-18
8592,1.054804277e-18
8596,1.054596655e-18
8600,1.054389342e-18
8604,1.054182651e-18
8608,1.053975959e-18
8612,1.053770405e-18
8616,1.053565677e-18
8620,1.05336095e-18
8624,1.053156223e-18
8628,1.052952323e-18
8632,1.052749353e-18
8636,1.052546487e-18
8640,1.052344345e-18
8644,1.052142513e-18
8648,1.051941095e-18
8652,1.051740917e-18
8656,1.051540946e-18
8660,1.051340872e-18
8664,1.051141418e-18
8668,1.050942894e-18
8672,1.050744578e-18
8676,1.050546882e-18
8680,1.050349806e-18
8684,1.050152834e-18
8688,1.049956895e-18
8692,1.049761681e-18
8696,1.049566466e-18
8700,1.049371251e-18
8704,1.049178001e-18
8708,1.048984751e-18
8712,1.048791294e-18
8716,1.048598768e-18
8720,1.048406448e-18
8724,1.048214749e-18
8728,1.048024084e-18
8732,1.047833626e-18
8736,1.047643685e-18
8740,1.04745426e-18
8744,1.047265043e-18
8748,1.047077066e-18
8752,1.046889503e-18
8756,1.04670225e-18
8760,1.046515617e-18
8764,1.046329191e-18
8768,1.046143799e-18
8772,1.045959028e-18
8776,1.045774153e-18
8780,1.045589692e-18
8784,1.045406781e-18
8788,1.045223044e-18
8792,1.045041064e-18
8796,1.044859188e-18
8800,1.044678139e-18
8804,1.044497089e-18
8808,1.044316971e-18
8812,1.044136956e-18
8816,1.043957561e-18
8820,1.043779097e-18
8824,1.043601046e-18
8828,1.043423409e-18
8832,1.043246289e-18
8836,1.043069583e-18
8840,1.042893807e-18
8844,1.042718651e-18
8848,1.042543702e-18
8852,1.042369374e-18
8856,1.042195253e-18
8860,1.042022165e-18
8864,1.041849698e-18
8868,1.041677438e-18
8872,1.041506004e-18
8876,1.041335502e-18
8880,1.041165103e-18
8884,1.040995324e-18
8888,1.040825855e-18
8892,1.040657007e-18
8896,1.040489296e-18
8900,1.040321585e-18
8904,1.040154598e-18
8908,1.039987921e-18
8912,1.039821658e-18
8916,1.039656429e-18
8920,1.039492233e-18
8924,1.039328451e-18
8928,1.039164566e-18
8932,1.039000991e-18
8936,1.038838347e-18
8940,1.038676737e-18
8944,1.03851585e-18
8948,1.038354963e-18
8952,1.038195007e-18
8956,1.038035051e-18
8960,1.037875922e-18
8964,1.037717724e-18
8968,1.037559629e-18
8972,1.037402258e-18
8976,1.037246024e-18
8980,1.037089791e-18
8984,1.036934177e-18
8988,1.036779081e-18
8992,1.036624398e-18
8996,1.036470542e-18
9000,1.036317307e-18
9004,1.036164279e-18
9008,1.036012388e-18
9012,1.035860807e-18
9016,1.035710053e-18
9020,1.035560437e-18
9024,1.03540989e-18
9028,1.035260894e-18
9032,1.035113139e-18
9036,1.034964557e-18
9040,1.034817008e-18
9044,1.034670287e-18
9048,1.0345246e-18
9052,1.034378809e-18
9056,1.034233949e-18
9060,1.034089089e-18
9064,1.033944953e-18
9068,1.033801851e-18
9072,1.033659679e-18
9076,1.033517818e-18
9080,1.03337637e-18
9084,1.033233785e-18
9088,1.033106089e-18
9092,1.032903533e-18
9096,1.032659928e-18
9100,1.032525304e-18
9104,1.032377343e-18
9108,1.032230621e-18
9112,1.032084004e-18
9116,1.031937282e-18
9120,1.031790665e-18
9124,1.031644978e-18
9128,1.031499187e-18
9132,1.031353603e-18
9136,1.031207813e-18
9140,1.031062022e-18
9144,1.030917162e-18
9148,1.030771682e-18
9152,1.030626511e-18
9156,1.030482582e-18
9160,1.030338032e-18
9164,1.030193793e-18
9168,1.030050173e-18
9172,1.029906244e-18
9176,1.029762521e-18
9180,1.029618592e-18
9184,1.029475076e-18
9188,1.029332284e-18
9192,1.029189492e-18
9196,1.029046493e-18
9200,1.028903598e-18
9204,1.028760909e-18
9208,1.028619047e-18
9212,1.028477186e-18
9216,1.028335118e-18
9220,1.028193153e-18
9224,1.028052222e-18
9228,1.027910464e-18
9232,1.027769223e-18
9236,1.027628395e-18
9240,1.027487361e-18
9244,1.027346947e-18
9248,1.02720643e-18
9252,1.027065912e-18
9256,1.026925912e-18
9260,1.026785912e-18
9264,1.026646325e-18
9268,1.026506945e-18
9272,1.026367152e-18
9276,1.026228185e-18
9280,1.026089116e-18
9284,1.025950046e-18
9288,1.025811079e-18
9292,1.025673044e-18
9296,1.025534801e-18
9300,1.025396765e-18
9304,1.02525873e-18
9308,1.02512059e-18
9312,1.024983278e-18
9316,1.024845346e-18
9320,1.024707827e-18
9324,1.024570722e-18
9328,1.024434237e-18
9332,1.024297546e-18
9336,1.024160854e-18
9340,1.024024266e-18
9344,1.023887264e-18
9348,1.023751607e-18
9352,1.023616156e-18
9356,1.023480188e-18
9360,1.02334484e-18
9364,1.023208562e-18
9368,1.023073629e-18
9372,1.022939315e-18
9376,1.022803968e-18
9380,1.022668724e-18
9384,1.02253441e-18
9388,1.022400097e-18
9392,1.022265887e-18
9396,1.02213147e-18
9400,1.021997984e-18
9404,1.02186398e-18
9408,1.021730287e-18
9412,1.021597008e-18
9416,1.021463625e-18
9420,1.021330862e-18
9424,1.021197997e-18
9428,1.021064924e-18
9432,1.020932678e-18
9436,1.020800226e-18
9440,1.020667877e-18
9444,1.020535425e-18
9448,1.020403179e-18
9452,1.020271761e-18
9456,1.020140446e-18
9460,1.020009028e-18
9464,1.019877506e-18
9468,1.019746088e-18
9472,1.0196156e-18
9476,1.019484285e-18
9480,1.019353591e-18
9484,1.019223103e-18
9488,1.019092615e-18
9492,1.018962851e-18
9496,1.018832777e-18
9500,1.018702703e-18
9504,1.018573249e-18
9508,1.018443795e-18
9512,1.018314135e-18
9516,1.018184991e-18
9520,1.018056158e-18
9524,1.017926807e-18
9528,1.017798284e-18
9532,1.017669658e-18
9536,1.017541134e-18
9540,1.017413438e-18
9544,1.017285019e-18
9548,1.017157323e-18
9552,1.01702973e-18
9556,1.016902137e-18
9560,1.016774545e-18
9564,1.016646849e-18
9568,1.016520083e-18
9572,1.016392801e-18
9576,1.016265519e-18
9580,1.01613896e-18
9584,1.016012195e-18
9588,1.015886153e-18
9592,1.015760008e-18
9596,1.015633656e-18
9600,1.015507925e-18
9604,1.015382296e-18
9608,1.015256565e-18
9612,1.01513073e-18
9616,1.015005206e-18
9620,1.014880405e-18
9624,1.014754777e-18
9628,1.014629976e-18
9632,1.014505175e-18
9636,1.014380477e-18
9640,1.014256607e-18
9644,1.01413191e-18
9648,1.014007936e-18
9652,1.013884169e-18
9656,1.013760299e-18
9660,1.013636428e-18
9664,1.013513282e-18
9668,1.013389929e-18
9672,1.013266472e-18
9676,1.013143222e-18
9680,1.013019765e-18
9684,1.012897343e-18
9688,1.01277523e-18
9692,1.012652187e-18
9696,1.012529454e-18
9700,1.012407652e-18
9704,1.012285849e-18
9708,1.012163944e-18
9712,1.012042038e-18
9716,1.011920029e-18
9720,1.01179895e-18
9724,1.011677148e-18
9728,1.011556173e-18
9732,1.011435301e-18
9736,1.011314326e-18
9740,1.011193247e-18
9744,1.011072996e-18
9748,1.010952434e-18
9752,1.010831873e-18
9756,1.010711931e-18
9760,1.01059199e-18
9764,1.010471946e-18
9768,1.010352315e-18
9772,1.010232994e-18
9776,1.010113156e-18
9780,1.009994249e-18
9784,1.009875031e-18
9788,1.00975509e-18
9792,1.00963701e-18
9796,1.009518e-18
9800,1.009398886e-18
9804,1.009280805e-18
9808,1.009162725e-18
9812,1.009044645e-18
9816,1.008926462e-18
9820,1.008808382e-18
9824,1.008690302e-18
9828,1.008572946e-18
9832,1.008455176e-18
9836,1.008337509e-18
9840,1.008220463e-18
9844,1.008103314e-18
9848,1.007986061e-18
9852,1.007869222e-18
9856,1.00775321e-18
9860,1.007636681e-18
9864,1.007519635e-18
9868,1.007403519e-18
9872,1.0072873e-18
9876,1.007171288e-18
9880,1.007056e-18
9884,1.006939781e-18
9888,1.006824493e-18
9892,1.006709411e-18
9896,1.006593192e-18
9900,1.006477594e-18
9904,1.006363236e-18
9908,1.006248361e-18
9912,1.006133693e-18
9916,1.006018819e-18
9920,1.005904047e-18
9924,1.005789793e-18
9928,1.005675642e-18
9932,1.005561284e-18
9936,1.005447444e-18
9940,1.005333706e-18
9944,1.005219555e-18
9948,1.005106335e-18
9952,1.004992908e-18
9956,1.004879584e-18
9960,1.004766364e-18
9964,1.00465304e-18
9968,1.004540544e-18
9972,1.004427323e-18
9976,1.004314723e-18
9980,1.004202434e-18
9984,1.004090144e-18
9988,1.003977751e-18
9992,1.003865151e-18
9996,1.003753585e-18
10000,1.003641605e-18
10004,1.003529625e-18
10008,1.003418266e-18
10012,1.003306804e-18
10016,1.003195445e-18
10020,1.003083982e-18
10024,1.002972519e-18
10028,1.002861264e-18
10032,1.002750835e-18
10036,1.002640406e-18
10040,1.002529978e-18
10044,1.002419446e-18
10048,1.002309017e-18
10052,1.002198588e-18
10056,1.002088056e-18
10060,1.001978352e-18
10064,1.001868957e-18
10068,1.001758632e-18
10072,1.001648824e-18
10076,1.001539222e-18
10080,1.001430448e-18
10084,1.00132126e-18
10088,1.001212279e-18
10092,1.001103195e-18
10096,1.000994007e-18
10100,1.000885543e-18
10104,1.000776975e-18
10108,1.000668304e-18
10112,1.00056015e-18
10116,1.000452307e-18
10120,1.000343739e-18
10124,1.000236102e-18
10128,1.000127638e-18
10132,1.000020002e-18
10136,9.999124681e-19
10140,9.99805038e-19
10144,9.996976079e-19
10148,9.99590488e-19
10152,9.994832647e-19
10156,9.993762482e-19
10160,9.992693351e-19
10164,9.99162422e-19
10168,9.990559225e-19
10172,9.98949423e-19
10176,9.988429235e-19
10180,9.987366308e-19
10184,9.986305449e-19
10188,9.98524459e-19
10192,9.984185799e-19
10196,9.983128042e-19
10200,9.982070284e-19
10204,9.981014595e-19
10208,9.979960974e-19
10212,9.978907353e-19
10216,9.977854765e-19
10220,9.976804246e-19
10224,9.97575476e-19
10228,9.974706309e-19
10232,9.973658892e-19
10236,9.972612508e-19
10240,9.971567159e-19
10244,9.970522843e-19
10248,9.969480595e-19
10252,9.968440416e-19
10256,9.967399202e-19
10260,9.966360057e-19
10264,9.965321945e-19
10268,9.964284867e-19
10272,9.963249857e-19
10276,9.962214848e-19
10280,9.961180872e-19
10284,9.960149998e-19
10288,9.95911809e-19
10292,9.95808825e-19
10296,9.957059445e-19
10300,9.956031673e-19
10304,9.955005969e-19
10308,9.953980265e-19
10312,9.952955595e-19
10316,9.951932993e-19
10320,9.950912459e-19
10324,9.949889857e-19
10328,9.948870357e-19
10332,9.947852924e-19
10336,9.946835492e-19
10340,9.945819094e-19
10344,9.94480373e-19
10348,9.943790434e-19
10352,9.942777137e-19
10356,9.941765909e-19
10360,9.940754681e-19
10364,9.93974552e-19
10368,9.938737394e-19
10372,9.937729268e-19
10376,9.936724243e-19
10380,9.935719219e-19
10384,9.934715228e-19
10388,9.933712272e-19
10392,9.932710349e-19
10396,9.931709461e-19
10400,9.930709606e-19
10404,9.92971182e-19
10408,9.928715067e-19
10412,9.927719348e-19
10416,9.926724664e-19
10420,9.925729979e-19
10424,9.924736328e-19
10428,9.923745779e-19
10432,9.922755231e-19
10436,9.921764682e-19
10440,9.920777235e-19
10444,9.919789788e-19
10448,9.918803375e-19
10452,9.917816962e-19
10456,9.916833651e-19
10460,9.91585034e-19
10464,9.914868063e-19
10468,9.91388682e-19
10472,9.912907645e-19
10476,9.911929504e-19
10480,9.910951363e-19
10484,9.90997529e-19
10488,9.908999217e-19
10492,9.908025212e-19
10496,9.907051207e-19
10500,9.906079269e-19
10504,9.905107332e-19
10508,9.904137463e-19
10512,9.903167594e-19
10516,9.902199792e-19
10520,9.901231991e-19
10524,9.900267292e-19
10528,9.899302592e-19
10532,9.898337893e-19
10536,9.897375261e-19
10540,9.896413664e-19
10544,9.895453101e-19
10548,9.894493571e-19
10552,9.893534041e-19
10556,9.89257658e-19
10560,9.891620152e-19
10564,9.890664759e-19
10568,9.889709365e-19
10572,9.888756039e-19
10576,9.887802714e-19
10580,9.88685249e-19
10584,9.885902266e-19
10588,9.884952043e-19
10592,9.884003887e-19
10596,9.883056765e-19
10600,9.882109643e-19
10604,9.881164589e-19
10608,9.880221604e-19
10612,9.879277584e-19
10616,9.878335632e-19
10620,9.877394714e-19
10624,9.876452762e-19
10628,9.875513912e-19
10632,9.874576096e-19
10636,9.873639314e-19
10640,9.872703566e-19
10644,9.871768852e-19
10648,9.870834138e-19
10652,9.869900457e-19
10656,9.868967811e-19
10660,9.868037233e-19
10664,9.867106655e-19
10668,9.866178145e-19
10672,9.865249634e-19
10676,9.864323192e-19
10680,9.86339675e-19
10684,9.862471342e-19
10688,9.861548001e-19
10692,9.860623627e-19
10696,9.85970132e-19
10700,9.858781082e-19
10704,9.857860844e-19
10708,9.856941639e-19
10712,9.856022435e-19
10716,9.855105298e-19
10720,9.854189196e-19
10724,9.853274127e-19
10728,9.852361127e-19
10732,9.851447092e-19
10736,9.850534091e-19
10740,9.849622125e-19
10744,9.848712226e-19
10748,9.847802327e-19
10752,9.846894497e-19
10756,9.845986666e-19
10760,9.845079869e-19
10764,9.844174106e-19
10768,9.843269378e-19
10772,9.842365683e-19
10776,9.841464056e-19
10780,9.840561395e-19
10784,9.839659768e-19
10788,9.838760209e-19
10792,9.837861684e-19
10796,9.836963159e-19
10800,9.836066702e-19
10804,9.835171279e-19
10808,9.834275856e-19
10812,9.833380433e-19
10816,9.832487078e-19
10820,9.831595791e-19
10824,9.83070347e-19
10828,9.829813217e-19
10832,9.828923998e-19
10836,9.828035813e-19
10840,9.827147627e-19
10844,9.826260476e-19
10848,9.825376427e-19
10852,9.82449031e-19
10856,9.823607294e-19
10860,9.822723245e-19
10864,9.821841264e-19
10868,9.820960316e-19
10872,9.820080403e-19
10876,9.819202558e-19
10880,9.818323678e-19
10884,9.817445833e-19
10888,9.816570055e-19
10892,9.815693244e-19
10896,9.814819534e-19
10900,9.813945825e-19
10904,9.813073149e-19
10908,9.812200474e-19
10912,9.811329866e-19
10916,9.810459259e-19
10920,9.809590719e-19
10924,9.808722179e-19
10928,9.807854674e-19
10932,9.806988202e-19
10936,9.806122764e-19
10940,9.80525836e-19
10944,9.804393957e-19
10948,9.803531621e-19
10952,9.802669285e-19
10956,9.801809017e-19
10960,9.80094875e-19
10964,9.800088482e-19
10968,9.799230282e-19
10972,9.798373116e-19
10976,9.79751595e-19
10980,9.796660852e-19
10984,9.795805754e-19
10988,9.79495169e-19
10992,9.794097626e-19
10996,9.79324563e-19
11000,9.792395702e-19
11004,9.791545774e-19
11008,9.790695846e-19
